{
  "toggle_mod": true,
  "animation_speed": 100,
  "curve_points": [
    [
      0.19140625,
      0.85393924
    ]
  ]
}